{
  "view/proddetail.view.xml": 1625748977570,
  "controller/App.controller.js": 1625082287123,
  "model/models.js": 1625065659065,
  "controller/prodmaster.controller.js": 1625671606479,
  "controller/proddetail.controller.js": 1625457212353,
  "controller/Initialview.controller.js": 1625672461030,
  "controller/BaseController.js": 1625077088015,
  "manifest.json": 1625761862835,
  "Component.js": 1625065659049,
  "manifest-bundle.zip": 1625761862862,
  "Component-preload.js": 1625761863572,
  "controller/App-dbg.controller.js": 1625082287123,
  "controller/prodmaster-dbg.controller.js": 1625671606479,
  "controller/proddetail-dbg.controller.js": 1625457212353,
  "controller/Initialview-dbg.controller.js": 1625672461030,
  "controller/BaseController-dbg.js": 1625077088015,
  "model/models-dbg.js": 1625065659065,
  "Component-dbg.js": 1625065659049,
  "view/prodmaster.view.xml": 1625584028402,
  "i18n/i18n.properties": 1625660296981,
  "view/Initialview.view.xml": 1625672593038,
  "view/App.view.xml": 1625082074240,
  "css/style.css": 1625065659057,
  "index.html": 1625074047849
}