{
  "manifest.json": 1625481863604,
  "Component.js": 1625153037145,
  "model/models.js": 1625153037401,
  "model/formatter.js": 1625153037397,
  "controller/NotFound.controller.js": 1625153037365,
  "controller/Master.controller.js": 1625153037209,
  "controller/ListSelector.js": 1625153037209,
  "controller/ErrorHandler.js": 1625153037193,
  "controller/DetailObjectNotFound.js": 1625153037189,
  "controller/DetailObjectNotFound.controller.js": 1625153037185,
  "controller/Detail.controller.js": 1625153037181,
  "controller/BaseController.js": 1625153037173,
  "controller/App.controller.js": 1625153037165,
  "i18n/i18n.properties": 1625153037377,
  "manifest-bundle.zip": 1625481863615,
  "Component-preload.js": 1625481863917,
  "controller/ListSelector-dbg.js": 1625153037209,
  "model/formatter-dbg.js": 1625153037397,
  "controller/NotFound-dbg.controller.js": 1625153037365,
  "controller/Master-dbg.controller.js": 1625153037209,
  "model/models-dbg.js": 1625153037401,
  "controller/ErrorHandler-dbg.js": 1625153037193,
  "controller/DetailObjectNotFound-dbg.js": 1625153037189,
  "controller/DetailObjectNotFound-dbg.controller.js": 1625153037185,
  "controller/Detail-dbg.controller.js": 1625153037181,
  "controller/BaseController-dbg.js": 1625153037173,
  "controller/App-dbg.controller.js": 1625153037165,
  "Component-dbg.js": 1625153037145,
  "view/ViewSettingsDialog.fragment.xml": 1625153038773,
  "view/NotFound.view.xml": 1625153038753,
  "view/Master.view.xml": 1625153038733,
  "view/DetailObjectNotFound.view.xml": 1625153038669,
  "view/Detail.view.xml": 1625153038513,
  "view/App.view.xml": 1625153038453,
  "test.html": 1625153037993,
  "index.html": 1625153037381
}