{
  "model/models-dbg.js": 1625065659065,
  "controller/App.controller.js": 1625082287123,
  "model/models.js": 1625065659065,
  "controller/prodmaster.controller.js": 1625239713424,
  "controller/proddetail.controller.js": 1625457212353,
  "controller/Initialview.controller.js": 1625240704131,
  "controller/BaseController.js": 1625077088015,
  "manifest.json": 1625481846765,
  "Component.js": 1625065659049,
  "manifest-bundle.zip": 1625481846791,
  "Component-preload.js": 1625481847215,
  "controller/App-dbg.controller.js": 1625082287123,
  "controller/prodmaster-dbg.controller.js": 1625239713424,
  "controller/proddetail-dbg.controller.js": 1625457212353,
  "controller/Initialview-dbg.controller.js": 1625240704131,
  "controller/BaseController-dbg.js": 1625077088015,
  "i18n/i18n.properties": 1625239495843,
  "Component-dbg.js": 1625065659049,
  "view/prodmaster.view.xml": 1625237495044,
  "view/proddetail.view.xml": 1625457161101,
  "view/Initialview.view.xml": 1625073511299,
  "view/App.view.xml": 1625082074240,
  "css/style.css": 1625065659057,
  "index.html": 1625074047849
}