{
  "css/style.css": 1625496062960,
  "model/models.js": 1625496062964,
  "manifest.json": 1625577869515,
  "controller/View1.controller.js": 1625496062956,
  "Component.js": 1625496062956,
  "manifest-bundle.zip": 1625577869530,
  "Component-preload.js": 1625577869945,
  "model/models-dbg.js": 1625496062964,
  "controller/View1-dbg.controller.js": 1625496062956,
  "Component-dbg.js": 1625496062956,
  "view/View1.view.xml": 1625496482941,
  "i18n/i18n.properties": 1625496062960,
  "index.html": 1625496062960
}