{
  "view/DetailObjectNotFound.view.xml": 1625118571647,
  "model/models.js": 1625118571611,
  "manifest.json": 1625149809858,
  "model/formatter.js": 1625118571611,
  "controller/NotFound.controller.js": 1625118571607,
  "controller/Master.controller.js": 1625118571607,
  "controller/ListSelector.js": 1625118571603,
  "controller/ErrorHandler.js": 1625118571603,
  "controller/DetailObjectNotFound.js": 1625118571603,
  "controller/DetailObjectNotFound.controller.js": 1625118571603,
  "controller/Detail.controller.js": 1625118571599,
  "controller/BaseController.js": 1625118571599,
  "controller/App.controller.js": 1625118571599,
  "Component.js": 1625118571599,
  "manifest-bundle.zip": 1625149809900,
  "Component-preload.js": 1625149810673,
  "controller/ListSelector-dbg.js": 1625118571603,
  "controller/Master-dbg.controller.js": 1625118571607,
  "controller/NotFound-dbg.controller.js": 1625118571607,
  "controller/ErrorHandler-dbg.js": 1625118571603,
  "controller/DetailObjectNotFound-dbg.js": 1625118571603,
  "controller/DetailObjectNotFound-dbg.controller.js": 1625118571603,
  "controller/Detail-dbg.controller.js": 1625118571599,
  "controller/BaseController-dbg.js": 1625118571599,
  "controller/App-dbg.controller.js": 1625118571599,
  "model/models-dbg.js": 1625118571611,
  "model/formatter-dbg.js": 1625118571611,
  "Component-dbg.js": 1625118571599,
  "view/ViewSettingsDialog.fragment.xml": 1625118571647,
  "view/NotFound.view.xml": 1625118571647,
  "view/Master.view.xml": 1625118571647,
  "i18n/i18n.properties": 1625118571607,
  "view/Detail.view.xml": 1625118571647,
  "view/App.view.xml": 1625118571643,
  "test.html": 1625118571643,
  "index.html": 1625118571611
}